Timestamp,IP Address,Request Method,Endpoint,Status Code,Country
2024-05-23 10:29:25,31.139.136.98,GET,/sport_807.html,820,Australia
2024-05-23 10:11:25,14.190.175.154,GET,/sport_866.html,848,Germany
2024-05-23 10:45:25,6.79.241.62,POST,/sport_320.html,763,USA
2024-05-23 10:47:25,14.127.196.55,GET,/sport_655.html,770,Germany
2024-05-23 10:21:25,13.132.237.162,POST,/sport_928.html,655,India
2024-05-23 10:41:25,13.170.145.25,POST,/sport_573.html,650,Germany
2024-05-23 10:31:25,14.83.27.161,POST,/sport_751.html,366,Germany
2024-05-23 10:27:25,26.143.201.220,GET,/sport_144.html,805,USA
2024-05-23 10:08:25,22.187.126.28,POST,/sport_440.html,189,USA
2024-05-23 10:31:25,21.106.0.118,POST,/sport_233.html,189,Japan
2024-05-23 10:20:25,49.174.184.19,GET,/sport_220.html,25,Japan
2024-05-23 10:51:25,14.62.77.17,POST,/sport_192.html,942,India
2024-05-23 10:52:25,13.37.148.207,GET,/sport_580.html,1018,India
2024-05-23 10:51:25,39.117.146.150,POST,/sport_143.html,969,Japan
2024-05-23 09:59:25,48.146.55.67,GET,/sport_957.html,405,Japan
2024-05-23 10:25:25,14.38.193.59,POST,/sport_611.html,63,India
2024-05-23 10:56:25,15.226.177.143,GET,/sport_423.html,778,USA
2024-05-23 10:15:25,12.176.230.203,POST,/sport_269.html,699,USA
2024-05-23 10:41:25,13.25.154.145,POST,/sport_235.html,403,India
2024-05-23 10:47:25,29.34.47.235,POST,/sport_315.html,174,USA
2024-05-23 10:07:25,14.255.59.233,POST,/sport_990.html,493,India
2024-05-23 09:59:25,12.202.65.126,GET,/sport_837.html,128,USA
2024-05-23 10:22:25,28.17.152.195,POST,/sport_412.html,75,Japan
2024-05-23 10:21:25,33.101.145.204,POST,/sport_501.html,613,USA
2024-05-23 10:42:25,50.5.221.83,POST,/sport_547.html,894,Australia
2024-05-23 10:56:25,10.67.179.148,POST,/sport_610.html,39,USA
2024-05-23 10:38:25,26.124.189.113,POST,/sport_673.html,721,USA
2024-05-23 10:08:25,30.121.97.89,POST,/sport_909.html,333,Japan
2024-05-23 10:00:25,13.248.96.37,GET,/sport_535.html,794,India
2024-05-23 09:58:25,9.137.3.29,GET,/sport_20.html,797,USA
2024-05-23 10:37:25,9.61.70.68,POST,/sport_161.html,204,USA
2024-05-23 10:50:25,23.61.98.177,GET,/sport_5.html,520,USA
2024-05-23 09:58:25,24.183.6.112,POST,/sport_787.html,216,Australia
2024-05-23 10:44:25,6.213.135.251,POST,/sport_499.html,797,USA
2024-05-23 09:58:25,40.78.214.19,POST,/sport_91.html,504,Japan
2024-05-23 10:56:25,14.119.59.158,GET,/sport_589.html,432,Germany
2024-05-23 10:54:25,40.178.85.132,POST,/sport_700.html,186,Japan
2024-05-23 10:48:25,13.201.191.238,POST,/sport_560.html,379,Australia
2024-05-23 10:46:25,6.114.134.109,GET,/sport_59.html,120,USA
2024-05-23 10:03:25,24.202.68.123,GET,/sport_567.html,327,Australia
2024-05-23 10:52:25,46.4.129.52,POST,/sport_811.html,329,Japan
2024-05-23 10:42:25,17.54.162.242,GET,/sport_820.html,646,Australia
2024-05-23 10:55:25,16.106.138.189,POST,/sport_777.html,87,Japan
2024-05-23 10:50:25,13.130.85.178,GET,/sport_417.html,85,India
2024-05-23 10:49:25,13.10.147.9,POST,/sport_432.html,769,USA
2024-05-23 10:07:25,13.186.168.158,POST,/sport_215.html,930,Germany
2024-05-23 10:24:25,31.81.157.8,POST,/sport_150.html,259,Australia
2024-05-23 10:47:25,21.42.237.104,GET,/sport_409.html,782,Australia
2024-05-23 10:51:25,13.64.102.1,GET,/sport_173.html,715,Germany
2024-05-23 10:32:25,14.102.23.196,POST,/sport_486.html,794,India
2024-05-23 10:56:25,13.183.154.32,POST,/sport_346.html,248,India
2024-05-23 10:39:25,34.85.196.116,GET,/sport_416.html,396,Australia
2024-05-23 10:31:25,13.101.105.238,GET,/sport_263.html,146,Germany
2024-05-23 10:43:25,31.107.171.82,POST,/sport_936.html,677,USA
2024-05-23 10:11:25,18.64.101.31,GET,/sport_40.html,141,USA
2024-05-23 10:28:25,13.146.229.116,POST,/sport_616.html,653,India
2024-05-23 10:56:25,14.60.57.77,POST,/sport_535.html,478,India
2024-05-23 10:36:25,13.173.106.203,GET,/sport_778.html,162,India
2024-05-23 10:22:25,14.177.18.149,POST,/sport_207.html,364,India
2024-05-23 10:37:25,13.82.177.214,POST,/sport_600.html,305,Germany
2024-05-23 10:18:25,52.107.51.34,GET,/sport_369.html,793,Australia
2024-05-23 10:40:25,10.239.27.168,POST,/sport_440.html,696,USA
2024-05-23 10:28:25,14.40.26.107,GET,/sport_131.html,102,Germany
2024-05-23 10:24:25,45.243.90.63,GET,/sport_183.html,113,Australia
2024-05-23 10:15:25,13.161.202.204,GET,/sport_161.html,133,India
2024-05-23 10:46:25,38.95.240.191,POST,/sport_728.html,677,Australia
2024-05-23 10:26:25,29.218.165.114,GET,/sport_675.html,313,USA
2024-05-23 10:54:25,17.91.45.236,GET,/sport_467.html,988,Japan
2024-05-23 10:43:25,14.53.134.12,GET,/sport_766.html,978,India
2024-05-23 10:53:25,13.42.253.225,GET,/sport_761.html,872,Japan
2024-05-23 10:10:25,46.150.5.228,GET,/sport_992.html,80,Australia
2024-05-23 10:22:25,14.56.94.153,GET,/sport_158.html,676,India
2024-05-23 10:23:25,9.251.61.48,GET,/sport_399.html,665,USA
2024-05-23 10:22:25,49.63.42.0,POST,/sport_521.html,134,Australia
2024-05-23 10:20:25,28.176.221.44,POST,/sport_42.html,412,Australia
2024-05-23 10:32:25,14.31.137.106,POST,/sport_453.html,808,Germany
2024-05-23 10:15:25,17.203.158.96,POST,/sport_605.html,300,USA
2024-05-23 09:59:25,14.153.21.4,POST,/sport_937.html,435,Germany
2024-05-23 10:17:25,39.56.180.49,GET,/sport_992.html,686,Australia
2024-05-23 10:00:25,19.19.143.104,POST,/sport_345.html,923,Japan
2024-05-23 10:47:25,13.54.62.99,GET,/sport_950.html,813,India
2024-05-23 10:18:25,36.240.79.181,GET,/sport_335.html,263,Japan
2024-05-23 10:31:25,13.101.40.242,GET,/sport_53.html,524,India
2024-05-23 10:21:25,29.195.221.64,POST,/sport_817.html,251,USA
2024-05-23 10:17:25,32.19.108.190,POST,/sport_821.html,633,Australia
2024-05-23 10:27:25,27.76.192.241,POST,/sport_439.html,755,Japan
2024-05-23 10:06:25,14.107.104.3,POST,/sport_543.html,474,Germany
2024-05-23 10:02:25,13.10.65.244,GET,/sport_680.html,47,Germany
2024-05-23 10:29:25,13.229.61.64,POST,/sport_320.html,455,India
2024-05-23 10:25:25,14.216.189.178,POST,/sport_543.html,514,India
2024-05-23 10:47:25,31.145.100.222,POST,/sport_916.html,758,Australia
2024-05-23 10:27:25,48.234.19.117,POST,/sport_117.html,934,Australia
2024-05-23 10:19:25,13.40.195.161,GET,/sport_905.html,552,Germany
2024-05-23 10:46:25,27.71.88.208,GET,/sport_726.html,922,USA
2024-05-23 10:03:25,42.73.100.149,GET,/sport_420.html,390,Japan
2024-05-23 10:17:25,23.3.126.37,POST,/sport_134.html,245,Japan
2024-05-23 10:01:25,13.5.152.2,GET,/sport_112.html,234,India
2024-05-23 10:48:25,14.37.0.187,GET,/sport_810.html,746,India
2024-05-23 10:13:25,41.133.185.79,GET,/sport_239.html,575,Japan
2024-05-23 10:30:25,13.222.20.168,GET,/sport_147.html,26,India
2024-05-23 10:33:25,3.148.155.134,POST,/sport_264.html,349,USA
2024-05-23 10:45:25,24.121.126.69,GET,/sport_624.html,343,Japan
2024-05-23 10:55:25,14.27.207.58,POST,/sport_105.html,385,India
2024-05-23 10:47:25,13.218.230.60,POST,/sport_711.html,816,India
2024-05-23 10:48:25,24.25.132.218,GET,/sport_331.html,260,Japan
2024-05-23 10:12:25,28.108.230.39,POST,/sport_705.html,736,Japan
2024-05-23 10:07:25,14.254.85.246,POST,/sport_150.html,528,Germany
2024-05-23 10:06:25,44.83.17.177,POST,/sport_841.html,703,Australia
2024-05-23 10:13:25,47.104.3.156,POST,/sport_25.html,247,Japan
2024-05-23 10:33:25,50.104.244.200,POST,/sport_65.html,623,Japan
2024-05-23 10:00:25,14.50.58.65,POST,/sport_619.html,712,India
2024-05-23 10:51:25,30.124.19.215,POST,/sport_79.html,349,Japan
2024-05-23 10:48:25,13.6.10.159,POST,/sport_599.html,332,India
2024-05-23 10:10:25,15.215.191.74,POST,/sport_593.html,813,USA
2024-05-23 10:56:25,31.210.55.193,GET,/sport_50.html,139,Australia
2024-05-23 10:09:25,51.87.124.108,GET,/sport_754.html,1009,Australia
2024-05-23 10:50:25,29.52.41.19,POST,/sport_232.html,556,Japan
2024-05-23 10:12:25,6.166.32.122,GET,/sport_344.html,950,USA
2024-05-23 10:57:25,13.66.57.109,GET,/sport_834.html,921,India
2024-05-23 10:45:25,32.138.251.236,POST,/sport_332.html,222,USA
2024-05-23 10:25:25,14.138.13.134,POST,/sport_19.html,152,Japan
2024-05-23 10:35:25,31.46.178.173,GET,/sport_450.html,800,USA
2024-05-23 10:53:25,30.34.100.225,POST,/sport_437.html,83,Australia
2024-05-23 10:44:25,41.226.108.227,GET,/sport_839.html,466,Australia
2024-05-23 10:37:25,13.71.227.71,GET,/sport_87.html,284,Germany
2024-05-23 10:19:25,20.194.42.245,POST,/sport_421.html,73,USA
2024-05-23 10:44:25,13.34.136.138,POST,/sport_316.html,278,Germany
2024-05-23 10:48:25,10.114.18.8,POST,/sport_887.html,251,USA
2024-05-23 10:46:25,13.9.3.181,GET,/sport_221.html,148,India
2024-05-23 10:08:25,14.90.167.16,GET,/sport_134.html,764,Germany
2024-05-23 10:11:25,13.202.71.216,GET,/sport_889.html,606,India
2024-05-23 10:56:25,13.120.35.189,GET,/sport_593.html,666,India
2024-05-23 10:47:25,14.39.132.49,POST,/sport_622.html,138,Germany
2024-05-23 10:11:25,33.225.78.156,GET,/sport_95.html,464,Australia
2024-05-23 10:55:25,13.61.7.168,GET,/sport_77.html,419,India
2024-05-23 10:23:25,48.156.139.138,GET,/sport_327.html,465,Japan
2024-05-23 10:50:25,14.184.43.89,POST,/sport_897.html,893,Germany
2024-05-23 10:01:25,13.174.22.157,POST,/sport_691.html,947,Germany
2024-05-23 10:46:25,13.90.84.66,POST,/sport_62.html,614,Germany
2024-05-23 10:10:25,45.89.70.10,GET,/sport_13.html,642,Australia
2024-05-23 10:38:25,10.127.244.12,GET,/sport_748.html,355,USA
2024-05-23 10:39:25,15.204.130.114,GET,/sport_636.html,608,Japan
2024-05-23 10:26:25,10.4.23.156,GET,/sport_676.html,447,USA
2024-05-23 10:50:25,15.200.142.84,GET,/sport_100.html,729,USA
2024-05-23 10:31:25,39.80.71.65,GET,/sport_722.html,728,Australia
2024-05-23 10:34:25,24.103.197.170,POST,/sport_674.html,337,Japan
2024-05-23 09:59:25,17.172.222.255,POST,/sport_686.html,345,Japan
2024-05-23 10:11:25,14.98.41.133,GET,/sport_394.html,507,India
2024-05-23 10:53:25,22.73.63.219,GET,/sport_585.html,176,Japan
2024-05-23 09:58:25,15.76.229.213,POST,/sport_789.html,600,Japan
2024-05-23 10:09:25,13.111.227.190,POST,/sport_706.html,538,India
2024-05-23 10:53:25,31.150.127.237,POST,/sport_87.html,485,Australia
2024-05-23 10:17:25,18.58.132.12,POST,/sport_505.html,681,Australia
2024-05-23 10:10:25,13.35.97.143,POST,/sport_664.html,711,India
2024-05-23 10:34:25,16.151.209.30,GET,/sport_293.html,631,Japan
2024-05-23 09:59:25,13.92.165.202,GET,/sport_654.html,70,India
2024-05-23 10:30:25,13.33.64.25,GET,/sport_989.html,282,Germany
2024-05-23 10:17:25,25.25.190.82,GET,/sport_674.html,487,Japan
2024-05-23 10:20:25,22.53.59.210,GET,/sport_532.html,397,Australia
2024-05-23 10:47:25,52.245.225.109,GET,/sport_608.html,62,Japan
2024-05-23 10:40:25,13.121.223.189,POST,/sport_927.html,213,Germany
2024-05-23 10:24:25,13.245.71.61,POST,/sport_27.html,850,India
2024-05-23 10:33:25,13.228.87.215,POST,/sport_206.html,659,Germany
2024-05-23 10:29:25,21.76.99.171,GET,/sport_185.html,736,Japan
2024-05-23 10:02:25,14.235.190.213,POST,/sport_863.html,172,India
2024-05-23 10:17:25,23.73.207.85,GET,/sport_751.html,152,Australia
2024-05-23 10:52:25,13.35.67.115,GET,/sport_466.html,568,India
2024-05-23 10:33:25,13.196.122.183,GET,/sport_619.html,292,Germany
2024-05-23 10:20:25,14.207.25.69,POST,/sport_248.html,931,India
2024-05-23 10:13:25,22.188.13.220,POST,/sport_815.html,721,USA
2024-05-23 10:03:25,13.164.229.138,POST,/sport_242.html,213,Germany
2024-05-23 10:48:25,13.17.59.14,GET,/sport_197.html,881,Germany
2024-05-23 10:44:25,14.206.195.174,POST,/sport_552.html,28,Germany
2024-05-23 10:08:25,50.60.245.128,POST,/sport_306.html,670,Japan
2024-05-23 10:09:25,14.102.96.154,POST,/sport_230.html,59,India
2024-05-23 10:03:25,41.67.91.38,GET,/sport_944.html,870,Japan
2024-05-23 10:13:25,34.226.51.196,GET,/sport_270.html,850,Australia
2024-05-23 10:16:25,10.240.133.242,GET,/sport_7.html,313,USA
2024-05-23 10:41:25,35.254.152.246,GET,/sport_977.html,680,Japan
2024-05-23 10:43:25,13.194.111.211,GET,/sport_933.html,56,India
2024-05-23 10:14:25,40.82.194.137,POST,/sport_628.html,600,Australia
2024-05-23 10:31:25,13.80.166.253,POST,/sport_271.html,147,Germany
2024-05-23 10:24:25,34.243.173.63,GET,/sport_240.html,289,USA
2024-05-23 10:02:25,22.152.60.160,POST,/sport_230.html,31,Australia
2024-05-23 10:33:25,7.219.93.159,GET,/sport_716.html,317,USA
2024-05-23 10:41:25,17.39.105.200,GET,/sport_709.html,437,USA
2024-05-23 10:03:25,48.218.56.160,POST,/sport_131.html,591,Japan
2024-05-23 10:05:25,13.15.99.8,GET,/sport_204.html,927,Germany
2024-05-23 10:26:25,33.121.157.237,GET,/sport_993.html,95,USA
2024-05-23 10:15:25,14.7.94.201,POST,/sport_752.html,856,India
2024-05-23 10:18:25,13.56.208.71,GET,/sport_546.html,548,India
2024-05-23 10:55:25,41.159.114.202,GET,/sport_574.html,123,Australia
2024-05-23 10:47:25,14.12.97.82,GET,/sport_191.html,841,Germany
2024-05-23 10:57:25,36.19.186.200,GET,/sport_763.html,170,Japan
2024-05-23 10:37:25,13.192.129.6,GET,/sport_692.html,369,India
2024-05-23 10:31:25,47.78.180.216,GET,/sport_674.html,551,Japan
2024-05-23 10:53:25,21.246.9.86,POST,/sport_575.html,402,Japan
2024-05-23 10:30:25,14.43.253.198,POST,/sport_546.html,414,India
2024-05-23 10:53:25,13.127.8.34,POST,/sport_315.html,519,India
2024-05-23 10:54:25,14.255.179.162,GET,/sport_523.html,84,Germany
2024-05-23 10:32:25,33.103.49.125,POST,/sport_413.html,39,Japan
2024-05-23 10:44:25,14.212.184.78,GET,/sport_842.html,622,Germany
2024-05-23 10:15:25,36.110.186.253,POST,/sport_280.html,731,Japan
2024-05-23 10:40:25,52.21.251.125,GET,/sport_590.html,50,Australia
2024-05-23 10:39:25,24.227.88.88,POST,/sport_709.html,247,USA
2024-05-23 10:56:25,14.81.92.80,POST,/sport_43.html,734,Germany
2024-05-23 10:05:25,14.217.191.180,GET,/sport_417.html,248,USA
2024-05-23 10:14:25,14.161.118.139,GET,/sport_0.html,635,Germany
2024-05-23 10:49:25,13.225.134.173,GET,/sport_818.html,156,Germany
2024-05-23 10:40:25,19.2.68.151,POST,/sport_867.html,745,USA
2024-05-23 10:31:25,29.108.27.7,GET,/sport_719.html,34,USA
2024-05-23 10:49:25,6.73.136.58,GET,/sport_121.html,261,USA
2024-05-23 10:17:25,35.156.143.170,GET,/sport_317.html,451,Japan
2024-05-23 10:31:25,22.18.135.107,GET,/sport_220.html,972,Japan
2024-05-23 10:32:25,14.30.105.69,POST,/sport_897.html,974,India
2024-05-23 10:50:25,14.167.194.140,GET,/sport_660.html,247,USA
2024-05-23 10:29:25,35.15.248.19,POST,/sport_370.html,592,Australia
2024-05-23 10:56:25,14.140.45.178,GET,/sport_561.html,764,India
2024-05-23 10:18:25,13.122.146.68,POST,/sport_180.html,373,India
2024-05-23 10:27:25,31.180.251.42,GET,/sport_895.html,721,Japan
2024-05-23 10:48:25,30.89.232.202,GET,/sport_163.html,985,USA
2024-05-23 10:34:25,33.69.54.50,GET,/sport_898.html,336,Japan
2024-05-23 10:01:25,51.199.94.248,POST,/sport_917.html,274,Japan
2024-05-23 10:05:25,11.193.119.116,GET,/sport_728.html,448,USA
2024-05-23 10:43:25,13.45.13.77,GET,/sport_85.html,376,India
2024-05-23 09:59:25,14.222.202.13,GET,/sport_348.html,822,India
2024-05-23 10:27:25,34.27.87.247,GET,/sport_886.html,989,Japan
2024-05-23 10:27:25,14.240.129.122,POST,/sport_631.html,180,India
2024-05-23 10:26:25,14.191.219.143,POST,/sport_782.html,95,India
2024-05-23 10:15:25,26.108.198.27,POST,/sport_40.html,695,USA
2024-05-23 10:00:25,13.221.86.83,GET,/sport_871.html,22,Germany
2024-05-23 10:38:25,13.176.55.27,GET,/sport_50.html,276,India
2024-05-23 10:33:25,14.3.148.210,POST,/sport_694.html,67,Germany
2024-05-23 10:30:25,34.227.192.26,POST,/sport_349.html,184,USA
2024-05-23 10:08:25,34.137.115.164,POST,/sport_332.html,868,Australia
2024-05-23 10:01:25,14.4.164.73,GET,/sport_487.html,557,Germany
2024-05-23 10:40:25,13.219.55.69,GET,/sport_389.html,608,Germany
2024-05-23 09:58:25,13.93.230.73,POST,/sport_852.html,255,Germany
2024-05-23 10:39:25,13.225.50.67,GET,/sport_891.html,119,Germany
2024-05-23 10:37:25,46.51.167.255,GET,/sport_637.html,282,Japan
2024-05-23 10:46:25,47.60.145.32,POST,/sport_17.html,131,Australia
2024-05-23 10:49:25,18.30.42.124,POST,/sport_517.html,349,Australia
2024-05-23 10:12:25,14.140.28.36,POST,/sport_20.html,742,India
2024-05-23 10:26:25,13.97.247.200,GET,/sport_270.html,112,Germany
2024-05-23 10:45:25,52.226.190.91,GET,/sport_411.html,782,Japan
2024-05-23 10:38:25,14.34.179.158,GET,/sport_606.html,540,Germany
2024-05-23 10:30:25,32.101.147.228,GET,/sport_669.html,721,USA
2024-05-23 10:23:25,51.34.252.69,POST,/sport_629.html,522,Japan
2024-05-23 10:57:25,22.224.18.63,GET,/sport_173.html,502,Japan
2024-05-23 10:47:25,10.35.59.192,GET,/sport_104.html,709,USA
2024-05-23 10:02:25,49.213.42.121,GET,/sport_166.html,695,Japan
2024-05-23 10:40:25,15.108.102.203,GET,/sport_432.html,77,USA
2024-05-23 10:51:25,14.132.15.102,GET,/sport_99.html,58,India
2024-05-23 10:29:25,13.113.115.80,GET,/sport_854.html,567,India
2024-05-23 10:36:25,23.237.63.55,POST,/sport_290.html,405,USA
2024-05-23 10:14:25,5.35.126.145,POST,/sport_677.html,96,USA
2024-05-23 10:06:25,24.12.16.214,GET,/sport_514.html,578,Japan
2024-05-23 10:51:25,13.140.105.194,GET,/sport_267.html,126,India
2024-05-23 10:14:25,7.144.114.220,POST,/sport_885.html,727,USA
2024-05-23 10:36:25,14.194.240.11,GET,/sport_463.html,250,Germany
2024-05-23 10:02:25,32.245.211.144,POST,/sport_172.html,306,Japan
2024-05-23 10:17:25,13.63.183.197,GET,/sport_837.html,313,Germany
2024-05-23 10:41:25,6.15.251.97,GET,/sport_733.html,443,USA
2024-05-23 10:43:25,18.133.133.131,GET,/sport_135.html,929,USA
2024-05-23 10:46:25,29.102.251.174,GET,/sport_330.html,736,Japan
2024-05-23 10:13:25,25.9.54.47,POST,/sport_556.html,1013,Japan
2024-05-23 10:23:25,14.34.111.255,GET,/sport_820.html,89,India
2024-05-23 10:26:25,13.8.77.240,POST,/sport_999.html,437,Germany
2024-05-23 10:39:25,38.86.203.174,GET,/sport_506.html,512,Japan
2024-05-23 10:56:25,13.97.50.185,GET,/sport_151.html,508,Japan
2024-05-23 10:57:25,20.1.103.98,GET,/sport_706.html,660,USA
2024-05-23 10:00:25,14.249.55.112,POST,/sport_486.html,367,Germany
2024-05-23 10:46:25,14.202.19.23,GET,/sport_77.html,511,India
2024-05-23 10:38:25,17.80.75.4,GET,/sport_39.html,459,Australia
2024-05-23 10:39:25,48.252.27.244,GET,/sport_762.html,1008,Japan
2024-05-23 10:00:25,13.14.144.94,GET,/sport_443.html,947,India
2024-05-23 10:02:25,34.210.146.82,POST,/sport_556.html,252,Australia
2024-05-23 10:48:25,5.122.219.208,GET,/sport_220.html,95,USA
2024-05-23 10:43:25,13.211.194.49,POST,/sport_704.html,567,India
2024-05-23 10:43:25,36.174.39.116,GET,/sport_270.html,331,Australia
2024-05-23 10:05:25,23.167.34.211,POST,/sport_129.html,274,Australia
2024-05-23 10:41:25,14.101.51.51,POST,/sport_372.html,888,India
2024-05-23 10:03:25,3.4.101.38,GET,/sport_426.html,343,USA
2024-05-23 10:25:25,13.205.149.188,GET,/sport_876.html,968,USA
2024-05-23 10:47:25,51.91.90.180,GET,/sport_381.html,384,Australia
2024-05-23 10:30:25,49.35.232.152,GET,/sport_868.html,739,Australia
2024-05-23 10:43:25,33.50.109.229,POST,/sport_986.html,499,Australia
2024-05-23 10:16:25,13.45.89.146,GET,/sport_349.html,153,India
2024-05-23 10:23:25,14.76.187.230,GET,/sport_271.html,984,India
2024-05-23 10:15:25,23.31.95.190,GET,/sport_913.html,159,Japan
2024-05-23 10:16:25,13.34.158.179,GET,/sport_497.html,940,Germany
2024-05-23 10:09:25,52.225.239.202,POST,/sport_105.html,641,Australia
2024-05-23 10:32:25,22.166.175.68,POST,/sport_434.html,42,Australia
2024-05-23 10:04:25,43.214.138.32,POST,/sport_903.html,75,Australia
2024-05-23 10:29:25,13.183.145.53,POST,/sport_740.html,358,India
2024-05-23 10:12:25,21.84.63.13,POST,/sport_402.html,445,USA
2024-05-23 10:37:25,13.65.137.94,POST,/sport_699.html,143,India
2024-05-23 10:42:25,14.58.161.61,POST,/sport_6.html,512,India
2024-05-23 10:55:25,13.113.227.150,GET,/sport_258.html,96,Germany
2024-05-23 10:19:25,19.117.184.203,GET,/sport_852.html,884,USA
2024-05-23 09:59:25,13.22.249.106,POST,/sport_554.html,453,India
2024-05-23 10:20:25,14.62.4.66,GET,/sport_909.html,124,India
2024-05-23 10:29:25,20.5.126.51,POST,/sport_733.html,477,USA
2024-05-23 10:35:25,6.34.185.234,GET,/sport_338.html,346,USA
2024-05-23 10:38:25,18.213.188.43,POST,/sport_976.html,794,Japan
2024-05-23 10:11:25,13.128.109.76,GET,/sport_791.html,303,Australia
2024-05-23 10:34:25,14.18.168.60,POST,/sport_500.html,486,India
2024-05-23 10:13:25,14.28.244.189,GET,/sport_891.html,218,Germany
2024-05-23 10:27:25,15.79.214.111,GET,/sport_911.html,647,Australia
2024-05-23 10:11:25,47.54.136.190,GET,/sport_326.html,793,Australia
2024-05-23 10:24:25,14.151.235.143,GET,/sport_879.html,956,Japan
2024-05-23 10:05:25,14.109.241.19,POST,/sport_686.html,977,India
2024-05-23 10:34:25,14.202.247.36,POST,/sport_36.html,1007,India
2024-05-23 10:12:25,47.89.48.149,POST,/sport_15.html,531,Australia
2024-05-23 10:30:25,10.184.15.114,POST,/sport_350.html,976,USA
2024-05-23 10:35:25,13.13.220.31,GET,/sport_936.html,861,Germany
2024-05-23 10:35:25,13.62.230.107,POST,/sport_830.html,291,India
2024-05-23 10:10:25,14.254.25.117,POST,/sport_222.html,370,Germany
2024-05-23 10:18:25,14.25.175.85,POST,/sport_287.html,271,India
2024-05-23 10:47:25,26.133.123.219,GET,/sport_581.html,44,USA
2024-05-23 10:11:25,27.229.117.255,GET,/sport_468.html,922,USA
2024-05-23 10:24:25,13.147.215.196,GET,/sport_608.html,1018,Germany
2024-05-23 10:16:25,13.189.239.28,GET,/sport_102.html,437,India
2024-05-23 10:57:25,13.67.199.229,GET,/sport_23.html,79,India
2024-05-23 10:09:25,9.102.39.85,POST,/sport_572.html,323,USA
2024-05-23 10:53:25,22.30.132.138,POST,/sport_731.html,155,Japan
2024-05-23 10:20:25,17.234.60.218,POST,/sport_440.html,512,USA
2024-05-23 10:23:25,13.132.46.213,GET,/sport_879.html,694,India
2024-05-23 10:00:25,25.182.73.125,GET,/sport_269.html,636,USA
2024-05-23 10:57:25,30.228.254.125,GET,/sport_851.html,176,Japan
2024-05-23 10:30:25,14.125.167.192,POST,/sport_832.html,693,India
2024-05-23 10:39:25,13.113.26.184,GET,/sport_966.html,957,Germany
2024-05-23 10:20:25,14.104.231.87,GET,/sport_800.html,351,Germany
2024-05-23 10:27:25,13.36.89.162,POST,/sport_693.html,861,India
2024-05-23 10:47:25,14.226.202.68,POST,/sport_992.html,646,Germany
2024-05-23 10:45:25,17.46.108.43,POST,/sport_620.html,198,USA
2024-05-23 10:44:25,13.213.190.13,GET,/sport_301.html,568,Germany
2024-05-23 10:44:25,13.71.18.104,POST,/sport_952.html,685,Germany
2024-05-23 10:44:25,13.111.240.207,GET,/sport_522.html,865,Germany
2024-05-23 10:15:25,50.147.124.6,POST,/sport_463.html,398,Japan
2024-05-23 09:59:25,39.27.91.147,POST,/sport_952.html,305,Japan
2024-05-23 10:28:25,31.208.155.8,GET,/sport_800.html,206,Australia
2024-05-23 10:22:25,38.211.133.37,POST,/sport_733.html,169,Australia
2024-05-23 10:36:25,45.218.27.211,GET,/sport_838.html,716,Australia
2024-05-23 10:32:25,16.8.157.43,GET,/sport_751.html,346,Japan
2024-05-23 09:59:25,11.104.22.178,POST,/sport_218.html,522,USA
2024-05-23 10:30:25,44.157.82.148,POST,/sport_307.html,850,Australia
2024-05-23 10:38:25,13.164.70.198,POST,/sport_881.html,290,Japan
2024-05-23 10:44:25,13.219.41.247,GET,/sport_158.html,214,India
2024-05-23 10:16:25,18.238.208.113,GET,/sport_926.html,479,USA
2024-05-23 10:51:25,30.33.175.12,GET,/sport_648.html,497,Australia
2024-05-23 10:43:25,26.143.114.140,GET,/sport_839.html,550,Australia
2024-05-23 10:47:25,13.159.152.155,POST,/sport_737.html,78,India
2024-05-23 10:10:25,31.250.27.13,GET,/sport_499.html,924,Japan
2024-05-23 10:07:25,36.200.206.46,POST,/sport_730.html,164,Australia
2024-05-23 10:19:25,24.18.156.121,POST,/sport_578.html,108,USA
2024-05-23 10:49:25,44.205.116.71,GET,/sport_944.html,573,Japan
2024-05-23 10:47:25,13.132.190.73,POST,/sport_211.html,791,Japan
2024-05-23 10:43:25,13.11.20.96,POST,/sport_366.html,917,Japan
2024-05-23 10:32:25,13.113.36.154,GET,/sport_122.html,355,Germany
2024-05-23 10:32:25,18.138.239.119,GET,/sport_653.html,694,Australia
2024-05-23 10:46:25,29.0.156.118,POST,/sport_862.html,584,Australia
2024-05-23 10:37:25,32.172.139.100,GET,/sport_272.html,671,Australia
2024-05-23 10:19:25,34.183.1.206,GET,/sport_612.html,341,Japan
2024-05-23 10:21:25,13.10.32.26,POST,/sport_930.html,140,Australia
2024-05-23 10:23:25,14.206.125.180,GET,/sport_927.html,966,India
2024-05-23 10:29:25,13.187.30.247,GET,/sport_411.html,906,India
2024-05-23 10:55:25,14.98.243.245,GET,/sport_726.html,538,India
2024-05-23 10:42:25,16.66.157.29,GET,/sport_702.html,44,Japan
2024-05-23 10:01:25,30.191.177.93,POST,/sport_889.html,631,USA
2024-05-23 10:52:25,33.61.183.51,GET,/sport_582.html,177,Australia
2024-05-23 10:09:25,33.252.29.191,POST,/sport_684.html,997,Australia
2024-05-23 10:00:25,42.225.43.55,POST,/sport_419.html,763,Australia
2024-05-23 10:19:25,52.220.50.78,POST,/sport_181.html,470,Australia
2024-05-23 10:43:25,14.229.4.69,POST,/sport_57.html,915,Germany
2024-05-23 10:29:25,18.105.135.242,POST,/sport_620.html,938,Japan
2024-05-23 10:35:25,13.33.46.135,POST,/sport_404.html,672,India
2024-05-23 10:54:25,13.162.170.99,POST,/sport_823.html,734,India
2024-05-23 10:48:25,44.37.40.76,GET,/sport_844.html,1005,Japan
2024-05-23 10:50:25,14.187.131.181,POST,/sport_680.html,800,Germany
2024-05-23 10:20:25,13.221.90.195,GET,/sport_821.html,636,India
2024-05-23 10:20:25,13.46.102.16,GET,/sport_224.html,362,India
2024-05-23 10:33:25,45.221.173.48,POST,/sport_121.html,223,Japan
2024-05-23 10:02:25,4.224.174.253,GET,/sport_769.html,332,USA
2024-05-23 10:26:25,28.137.231.143,POST,/sport_749.html,153,Japan
2024-05-23 10:07:25,42.35.33.244,GET,/sport_980.html,161,Japan
2024-05-23 10:24:25,14.60.72.161,GET,/sport_78.html,416,Germany
2024-05-23 10:18:25,14.251.53.130,POST,/sport_54.html,883,India
2024-05-23 10:01:25,13.146.95.124,POST,/sport_412.html,750,USA
2024-05-23 09:59:25,13.173.86.207,POST,/sport_194.html,966,India
2024-05-23 10:49:25,35.201.132.107,GET,/sport_336.html,248,Australia
2024-05-23 10:47:25,14.80.76.125,GET,/sport_364.html,490,India
2024-05-23 10:53:25,14.150.93.232,POST,/sport_28.html,135,India
2024-05-23 10:28:25,13.174.183.11,POST,/sport_265.html,983,India
2024-05-23 09:59:25,18.204.210.74,GET,/sport_114.html,1017,Australia
2024-05-23 10:48:25,14.88.201.48,POST,/sport_445.html,918,India
2024-05-23 10:40:25,14.80.98.24,POST,/sport_548.html,184,Germany
2024-05-23 10:43:25,35.218.79.244,GET,/sport_507.html,885,Australia
2024-05-23 10:40:25,21.113.100.70,GET,/sport_634.html,347,Australia
2024-05-23 10:41:25,32.203.35.8,GET,/sport_918.html,660,Japan
2024-05-23 10:46:25,13.146.126.71,POST,/sport_500.html,465,India
2024-05-23 10:32:25,41.148.255.154,GET,/sport_450.html,577,Japan
2024-05-23 10:26:25,14.241.55.120,GET,/sport_224.html,481,Germany
2024-05-23 10:33:25,13.174.37.234,POST,/sport_228.html,971,India
2024-05-23 10:57:25,49.104.35.79,POST,/sport_597.html,890,Japan
2024-05-23 10:40:25,14.236.196.154,GET,/sport_744.html,96,India
2024-05-23 10:55:25,23.86.96.54,GET,/sport_881.html,499,USA
2024-05-23 10:19:25,14.219.98.79,POST,/sport_598.html,466,India
2024-05-23 10:48:25,13.237.60.3,POST,/sport_139.html,53,Germany
2024-05-23 10:33:25,20.252.177.227,POST,/sport_434.html,307,Japan
2024-05-23 10:16:25,13.207.136.51,POST,/sport_257.html,315,India
2024-05-23 10:44:25,20.122.119.167,GET,/sport_99.html,53,USA
2024-05-23 10:48:25,38.77.117.145,POST,/sport_118.html,976,Japan
2024-05-23 10:05:25,18.121.151.177,GET,/sport_735.html,856,Japan
2024-05-23 10:32:25,14.230.221.229,POST,/sport_932.html,364,India
2024-05-23 10:47:25,13.189.190.125,POST,/sport_809.html,379,India
2024-05-23 10:34:25,13.14.177.11,GET,/sport_964.html,915,India
2024-05-23 10:14:25,23.8.87.168,POST,/sport_467.html,949,Australia
2024-05-23 10:22:25,26.205.166.32,GET,/sport_126.html,504,USA
2024-05-23 10:20:25,13.241.103.96,POST,/sport_399.html,523,Germany
2024-05-23 10:44:25,42.165.71.36,GET,/sport_694.html,947,Australia
2024-05-23 10:16:25,11.248.137.183,GET,/sport_349.html,864,USA
2024-05-23 10:50:25,14.196.184.221,GET,/sport_16.html,30,Germany
2024-05-23 10:00:25,14.143.64.55,POST,/sport_349.html,348,Germany
2024-05-23 10:11:25,14.246.82.200,POST,/sport_823.html,276,Germany
2024-05-23 10:33:25,13.188.92.68,POST,/sport_445.html,86,Germany
2024-05-23 10:25:25,23.188.254.235,GET,/sport_34.html,870,Australia
2024-05-23 10:30:25,13.50.46.54,POST,/sport_480.html,869,India
2024-05-23 10:55:25,14.89.155.24,POST,/sport_613.html,676,India
2024-05-23 10:37:25,46.22.70.3,GET,/sport_810.html,450,Japan
2024-05-23 09:59:25,23.98.206.79,GET,/sport_453.html,466,Australia
2024-05-23 10:52:25,14.25.93.187,GET,/sport_784.html,744,India
2024-05-23 10:34:25,19.2.189.102,GET,/sport_38.html,673,Japan
2024-05-23 10:57:25,39.109.224.50,GET,/sport_432.html,886,Australia
2024-05-23 10:39:25,14.198.173.167,POST,/sport_462.html,600,Japan
2024-05-23 10:15:25,48.131.95.143,GET,/sport_184.html,244,Japan
2024-05-23 10:16:25,14.81.219.141,GET,/sport_628.html,555,India
2024-05-23 10:24:25,10.97.113.158,GET,/sport_619.html,397,USA
2024-05-23 10:15:25,46.11.64.25,POST,/sport_73.html,132,Australia
2024-05-23 10:22:25,8.156.251.45,POST,/sport_290.html,786,USA
2024-05-23 10:37:25,14.218.187.212,POST,/sport_908.html,285,India
2024-05-23 10:04:25,23.142.86.197,GET,/sport_278.html,576,Australia
2024-05-23 10:43:25,14.205.185.64,GET,/sport_851.html,746,Germany
2024-05-23 10:10:25,13.101.89.191,POST,/sport_640.html,562,India
2024-05-23 10:35:25,14.2.24.14,POST,/sport_834.html,1014,India
2024-05-23 10:12:25,29.227.202.151,GET,/sport_590.html,501,Japan
2024-05-23 10:24:25,10.71.115.206,GET,/sport_531.html,311,USA
2024-05-23 10:48:25,13.254.173.182,POST,/sport_447.html,158,India
2024-05-23 10:29:25,14.200.129.238,POST,/sport_562.html,231,India
2024-05-23 10:13:25,51.66.135.104,GET,/sport_60.html,98,Japan
2024-05-23 10:18:25,14.206.165.23,GET,/sport_969.html,53,Germany
2024-05-23 10:38:25,5.173.237.103,POST,/sport_298.html,283,USA
2024-05-23 10:41:25,5.58.248.48,GET,/sport_171.html,332,USA
2024-05-23 10:12:25,30.94.4.223,POST,/sport_822.html,424,Australia
2024-05-23 10:40:25,50.226.40.10,POST,/sport_217.html,911,Australia
2024-05-23 10:36:25,38.139.247.234,POST,/sport_205.html,837,Australia
2024-05-23 10:08:25,48.204.85.15,GET,/sport_646.html,904,Japan
2024-05-23 10:11:25,14.16.191.48,POST,/sport_79.html,280,India
2024-05-23 10:41:25,45.39.164.208,POST,/sport_250.html,43,Japan
2024-05-23 10:10:25,13.185.81.208,POST,/sport_673.html,978,USA
2024-05-23 10:57:25,14.239.37.113,GET,/sport_904.html,998,Germany
2024-05-23 10:43:25,49.68.155.144,POST,/sport_414.html,990,Australia
2024-05-23 10:09:25,14.210.86.23,POST,/sport_688.html,699,India
2024-05-23 10:19:25,36.224.213.70,POST,/sport_637.html,185,Australia
2024-05-23 10:04:25,32.35.128.173,POST,/sport_991.html,539,Japan
2024-05-23 10:34:25,14.209.188.68,POST,/sport_899.html,686,Germany
2024-05-23 10:21:25,44.15.48.90,POST,/sport_246.html,656,Japan
2024-05-23 10:35:25,28.150.107.232,POST,/sport_189.html,222,USA
2024-05-23 10:22:25,18.184.161.25,POST,/sport_869.html,749,Japan
2024-05-23 10:34:25,13.84.140.83,POST,/sport_923.html,480,Germany
2024-05-23 10:46:25,39.11.117.63,GET,/sport_792.html,656,Australia
2024-05-23 10:15:25,13.60.197.9,GET,/sport_143.html,248,Germany
2024-05-23 10:48:25,13.249.22.238,GET,/sport_744.html,168,India
2024-05-23 10:32:25,12.255.39.92,POST,/sport_170.html,686,USA
2024-05-23 10:34:25,39.191.223.191,GET,/sport_568.html,417,Australia
2024-05-23 09:59:25,36.128.96.45,GET,/sport_756.html,47,Australia
2024-05-23 10:51:25,3.112.227.113,GET,/sport_531.html,724,USA
2024-05-23 10:16:25,20.205.121.127,POST,/sport_196.html,309,Australia
2024-05-23 09:58:25,14.249.250.165,POST,/sport_528.html,497,Germany
2024-05-23 10:30:25,14.197.180.100,GET,/sport_930.html,778,Germany
2024-05-23 10:56:25,14.38.206.253,GET,/sport_36.html,542,India
2024-05-23 10:27:25,34.76.154.153,GET,/sport_858.html,215,Japan
2024-05-23 10:04:25,13.72.186.156,POST,/sport_230.html,896,India
2024-05-23 10:25:25,48.176.241.70,GET,/sport_193.html,617,Japan
2024-05-23 10:19:25,32.179.111.119,POST,/sport_857.html,296,Australia
2024-05-23 10:05:25,40.76.95.78,POST,/sport_291.html,870,Japan
2024-05-23 10:03:25,20.43.50.117,POST,/sport_837.html,850,Japan
2024-05-23 10:45:25,18.206.120.112,GET,/sport_945.html,760,Australia
2024-05-23 10:20:25,6.111.67.97,POST,/sport_567.html,164,USA
2024-05-23 09:58:25,34.193.77.244,GET,/sport_124.html,923,Australia
2024-05-23 10:52:25,13.58.99.98,POST,/sport_698.html,460,India
2024-05-23 10:33:25,26.34.4.67,GET,/sport_477.html,182,Australia
2024-05-23 10:02:25,14.183.177.140,POST,/sport_533.html,741,Germany
2024-05-23 10:35:25,14.169.144.45,POST,/sport_51.html,227,Germany
2024-05-23 10:07:25,14.71.106.115,GET,/sport_843.html,521,Germany
2024-05-23 10:28:25,13.245.170.164,POST,/sport_799.html,484,India
2024-05-23 10:48:25,13.193.95.158,GET,/sport_57.html,728,Germany
2024-05-23 10:38:25,14.247.153.140,GET,/sport_511.html,650,India
2024-05-23 10:47:25,14.145.225.216,POST,/sport_989.html,844,USA
2024-05-23 10:43:25,17.60.79.119,POST,/sport_449.html,800,USA
2024-05-23 10:19:25,14.207.89.147,POST,/sport_311.html,265,India
2024-05-23 10:11:25,14.63.227.148,POST,/sport_595.html,492,Germany
2024-05-23 10:40:25,24.235.8.192,GET,/sport_919.html,1005,Australia
2024-05-23 10:47:25,40.192.233.47,GET,/sport_295.html,799,Australia
2024-05-23 10:52:25,28.97.58.148,GET,/sport_418.html,471,Australia
2024-05-23 09:59:25,3.75.55.43,POST,/sport_192.html,833,USA
2024-05-23 10:43:25,31.163.92.152,POST,/sport_205.html,906,Japan
2024-05-23 10:45:25,19.210.235.67,GET,/sport_210.html,391,USA
2024-05-23 10:18:25,34.235.125.5,GET,/sport_925.html,104,USA
2024-05-23 10:41:25,13.133.4.71,POST,/sport_394.html,885,Germany
2024-05-23 10:55:25,38.50.151.204,GET,/sport_422.html,369,Australia
2024-05-23 10:26:25,6.252.219.156,GET,/sport_371.html,417,USA
2024-05-23 10:41:25,50.137.226.155,POST,/sport_130.html,905,Japan
2024-05-23 10:48:25,14.253.68.234,GET,/sport_550.html,260,Germany
2024-05-23 10:35:25,47.214.72.214,POST,/sport_374.html,393,Japan
2024-05-23 10:31:25,14.161.213.162,POST,/sport_832.html,286,India
2024-05-23 10:26:25,43.97.99.77,GET,/sport_339.html,540,Japan
2024-05-23 10:53:25,14.17.22.222,GET,/sport_201.html,919,Germany
2024-05-23 10:23:25,13.98.41.137,POST,/sport_742.html,202,India
2024-05-23 10:43:25,14.127.181.119,GET,/sport_535.html,347,India
2024-05-23 10:21:25,26.91.53.52,GET,/sport_932.html,181,USA
2024-05-23 10:14:25,14.169.138.35,POST,/sport_169.html,840,Germany
2024-05-23 10:35:25,14.75.168.28,POST,/sport_790.html,43,India
2024-05-23 10:44:25,19.29.237.74,POST,/sport_284.html,77,Japan
2024-05-23 10:23:25,26.212.115.243,GET,/sport_491.html,931,Japan
2024-05-23 10:37:25,23.121.19.130,GET,/sport_588.html,172,USA
2024-05-23 10:57:25,13.238.244.223,POST,/sport_71.html,452,Germany
2024-05-23 10:24:25,43.163.182.58,POST,/sport_575.html,780,Japan
2024-05-23 10:44:25,20.87.76.31,GET,/sport_953.html,278,Japan
2024-05-23 10:04:25,13.29.87.2,GET,/sport_502.html,670,Germany
2024-05-23 10:25:25,41.51.75.95,GET,/sport_734.html,487,Japan
2024-05-23 10:41:25,23.113.230.141,GET,/sport_72.html,793,USA
2024-05-23 10:35:25,32.132.73.226,POST,/sport_252.html,802,USA
2024-05-23 10:29:25,50.202.230.250,GET,/sport_400.html,124,Australia
2024-05-23 10:01:25,29.47.190.7,GET,/sport_542.html,555,Australia
2024-05-23 10:45:25,13.120.95.217,GET,/sport_968.html,180,India
2024-05-23 10:20:25,50.229.109.158,POST,/sport_751.html,239,Japan
2024-05-23 10:50:25,13.77.239.164,POST,/sport_166.html,512,USA
2024-05-23 10:04:25,49.219.163.11,GET,/sport_958.html,375,Australia
2024-05-23 10:00:25,14.198.240.222,POST,/sport_438.html,846,Germany
2024-05-23 10:29:25,13.179.93.59,GET,/sport_236.html,512,India
2024-05-23 10:25:25,16.90.121.111,GET,/sport_241.html,611,Australia
2024-05-23 10:02:25,28.0.234.253,POST,/sport_121.html,399,USA
2024-05-23 10:28:25,47.53.234.63,GET,/sport_855.html,259,Australia
2024-05-23 10:29:25,7.75.185.110,GET,/sport_165.html,160,USA
2024-05-23 10:14:25,9.63.56.186,POST,/sport_698.html,42,USA
2024-05-23 10:21:25,13.166.81.130,GET,/sport_888.html,419,India
2024-05-23 10:38:25,13.38.19.4,POST,/sport_970.html,264,USA
2024-05-23 10:07:25,22.162.28.236,GET,/sport_847.html,745,Japan
2024-05-23 10:15:25,29.87.152.129,GET,/sport_857.html,438,Australia
2024-05-23 10:18:25,46.246.204.80,POST,/sport_814.html,21,Australia
2024-05-23 10:06:25,14.249.23.8,POST,/sport_154.html,747,Germany
2024-05-23 10:22:25,13.138.4.230,POST,/sport_30.html,268,India
2024-05-23 10:22:25,24.31.74.102,POST,/sport_632.html,435,USA
2024-05-23 10:49:25,47.181.3.138,GET,/sport_867.html,58,Australia
2024-05-23 10:17:25,21.179.220.29,POST,/sport_834.html,202,Japan
2024-05-23 10:14:25,34.220.191.228,GET,/sport_164.html,467,USA
2024-05-23 10:28:25,18.87.32.145,POST,/sport_128.html,959,Japan
2024-05-23 10:06:25,13.39.10.148,GET,/sport_937.html,309,Germany
2024-05-23 10:12:25,16.64.85.148,POST,/sport_102.html,268,Australia
2024-05-23 10:37:25,14.226.74.200,POST,/sport_633.html,962,India
2024-05-23 10:43:25,27.106.121.87,GET,/sport_2.html,219,Australia
2024-05-23 10:49:25,13.249.103.2,GET,/sport_195.html,701,Germany
2024-05-23 10:05:25,7.28.106.29,POST,/sport_723.html,854,USA
2024-05-23 10:21:25,13.162.198.120,GET,/sport_722.html,965,India
2024-05-23 10:10:25,14.84.163.136,GET,/sport_410.html,614,India
2024-05-23 10:29:25,13.124.146.208,POST,/sport_342.html,714,India
2024-05-23 10:01:25,13.51.39.32,POST,/sport_726.html,879,Germany
2024-05-23 10:27:25,4.115.130.6,GET,/sport_51.html,314,USA
2024-05-23 10:29:25,14.122.138.16,GET,/sport_695.html,693,India
2024-05-23 10:44:25,4.13.18.199,GET,/sport_172.html,898,USA
2024-05-23 10:01:25,32.119.78.37,POST,/sport_985.html,140,USA
2024-05-23 10:10:25,52.90.250.84,GET,/sport_274.html,169,Australia
2024-05-23 10:35:25,29.255.199.192,GET,/sport_125.html,118,Australia
2024-05-23 09:58:25,14.150.198.152,GET,/sport_52.html,1001,India
2024-05-23 10:31:25,51.89.204.89,GET,/sport_473.html,150,Japan
2024-05-23 10:48:25,13.48.123.185,GET,/sport_979.html,442,India
2024-05-23 10:11:25,32.89.111.163,GET,/sport_72.html,676,USA
2024-05-23 09:59:25,13.145.171.171,POST,/sport_842.html,216,Germany
2024-05-23 10:22:25,45.44.189.218,POST,/sport_190.html,514,Japan
2024-05-23 10:00:25,14.64.214.175,POST,/sport_4.html,419,India
2024-05-23 10:16:25,23.75.68.44,GET,/sport_776.html,589,Australia
2024-05-23 10:13:25,13.247.137.76,POST,/sport_833.html,719,India
2024-05-23 10:28:25,37.165.52.68,GET,/sport_413.html,1018,Australia
2024-05-23 10:51:25,30.254.65.209,POST,/sport_713.html,36,USA
2024-05-23 10:21:25,10.118.208.70,GET,/sport_815.html,373,USA
2024-05-23 10:02:25,45.91.208.243,GET,/sport_711.html,553,Australia
2024-05-23 10:06:25,48.225.36.115,GET,/sport_794.html,392,Australia
2024-05-23 10:16:25,14.218.137.219,POST,/sport_804.html,171,USA
2024-05-23 10:48:25,37.124.92.161,GET,/sport_430.html,163,Japan
2024-05-23 10:32:25,13.155.54.164,POST,/sport_165.html,354,India
2024-05-23 10:25:25,13.208.216.230,POST,/sport_470.html,561,Australia
2024-05-23 10:36:25,21.222.127.83,POST,/sport_405.html,721,USA
2024-05-23 10:34:25,44.90.218.81,GET,/sport_526.html,495,Japan
2024-05-23 10:01:25,6.127.208.125,POST,/sport_350.html,68,USA
2024-05-23 10:12:25,32.162.167.10,POST,/sport_41.html,432,Australia
2024-05-23 10:30:25,47.241.241.97,GET,/sport_704.html,500,Japan
2024-05-23 10:10:25,13.47.208.206,GET,/sport_889.html,854,Germany
2024-05-23 10:02:25,13.13.136.184,POST,/sport_658.html,853,India
2024-05-23 10:13:25,24.20.23.24,POST,/sport_307.html,104,Australia
2024-05-23 10:56:25,13.92.188.72,GET,/sport_366.html,620,Japan
2024-05-23 10:13:25,25.83.25.222,GET,/sport_979.html,363,Australia
2024-05-23 10:17:25,13.159.204.57,GET,/sport_326.html,485,Germany
2024-05-23 10:06:25,35.109.119.147,GET,/sport_711.html,561,Japan
2024-05-23 10:31:25,45.170.197.241,GET,/sport_906.html,388,Australia
2024-05-23 10:52:25,45.149.115.127,POST,/sport_110.html,639,Australia
2024-05-23 10:25:25,13.165.46.216,GET,/sport_965.html,989,Germany
2024-05-23 10:35:25,31.85.254.238,GET,/sport_993.html,570,USA
2024-05-23 10:25:25,13.244.91.147,GET,/sport_480.html,524,India
2024-05-23 10:28:25,43.27.64.66,GET,/sport_187.html,409,Japan
2024-05-23 10:10:25,14.189.129.249,GET,/sport_29.html,442,Germany
2024-05-23 10:45:25,13.60.97.42,GET,/sport_513.html,616,Germany
2024-05-23 10:04:25,46.129.158.125,GET,/sport_995.html,490,Japan
2024-05-23 10:48:25,16.202.57.210,POST,/sport_870.html,843,USA
2024-05-23 10:24:25,14.45.237.175,POST,/sport_685.html,860,Germany
2024-05-23 10:36:25,18.49.227.223,POST,/sport_259.html,855,USA
2024-05-23 10:30:25,8.70.25.85,GET,/sport_49.html,550,USA
2024-05-23 10:55:25,51.163.171.138,GET,/sport_708.html,824,Japan
2024-05-23 10:50:25,43.29.75.7,GET,/sport_603.html,407,Japan
2024-05-23 10:27:25,31.114.125.155,POST,/sport_860.html,605,USA
2024-05-23 10:44:25,14.242.157.91,GET,/sport_858.html,523,Germany
2024-05-23 10:21:25,22.38.12.24,GET,/sport_324.html,354,Japan
2024-05-23 10:11:25,14.107.172.223,POST,/sport_792.html,50,Germany
2024-05-23 10:27:25,33.234.200.55,POST,/sport_591.html,267,Australia
2024-05-23 10:33:25,14.122.73.14,GET,/sport_545.html,789,Germany
2024-05-23 10:05:25,19.249.13.193,POST,/sport_345.html,65,USA
2024-05-23 10:30:25,28.108.113.28,POST,/sport_18.html,581,USA
2024-05-23 10:10:25,42.198.115.113,GET,/sport_106.html,940,Japan
2024-05-23 10:30:25,14.99.122.144,POST,/sport_332.html,157,India
2024-05-23 10:45:25,9.198.132.211,GET,/sport_478.html,633,USA
2024-05-23 10:56:25,13.192.250.48,GET,/sport_857.html,109,Australia
2024-05-23 10:03:25,17.34.10.222,POST,/sport_559.html,907,USA
2024-05-23 10:31:25,14.78.21.172,POST,/sport_161.html,450,Germany
2024-05-23 10:40:25,33.131.219.214,GET,/sport_541.html,1012,Japan
2024-05-23 10:55:25,13.8.202.101,GET,/sport_241.html,515,Germany
2024-05-23 10:10:25,13.126.227.222,GET,/sport_231.html,33,India
2024-05-23 10:01:25,8.69.234.146,POST,/sport_53.html,572,USA
2024-05-23 10:43:25,14.195.215.129,GET,/sport_591.html,1009,USA
2024-05-23 10:03:25,14.179.18.177,POST,/sport_311.html,279,India
2024-05-23 10:11:25,28.43.193.197,GET,/sport_371.html,98,Australia
2024-05-23 10:33:25,18.7.188.77,GET,/sport_181.html,33,Japan
2024-05-23 10:28:25,14.19.128.116,POST,/sport_764.html,413,Germany
2024-05-23 10:43:25,23.18.68.98,GET,/sport_193.html,151,USA
2024-05-23 10:46:25,14.82.190.0,POST,/sport_143.html,173,Germany
2024-05-23 10:23:25,25.139.212.7,GET,/sport_776.html,860,Australia
2024-05-23 10:18:25,26.195.52.211,GET,/sport_325.html,415,Australia
2024-05-23 10:39:25,23.207.13.221,GET,/sport_876.html,121,Australia
2024-05-23 10:03:25,16.163.70.2,POST,/sport_964.html,783,Japan
2024-05-23 10:32:25,12.251.130.96,GET,/sport_47.html,157,USA
2024-05-23 10:53:25,13.28.162.248,GET,/sport_440.html,726,India
2024-05-23 10:31:25,36.205.31.66,POST,/sport_653.html,247,Japan
2024-05-23 10:34:25,27.108.238.36,GET,/sport_37.html,359,USA
2024-05-23 10:36:25,52.1.30.20,GET,/sport_932.html,668,Japan
2024-05-23 10:53:25,5.21.243.30,POST,/sport_119.html,45,USA
2024-05-23 10:00:25,39.209.83.85,GET,/sport_466.html,84,Japan
2024-05-23 10:46:25,33.234.56.232,POST,/sport_935.html,466,USA
2024-05-23 10:07:25,14.130.240.240,POST,/sport_666.html,923,Germany
2024-05-23 10:17:25,13.156.23.53,POST,/sport_640.html,529,India
2024-05-23 10:36:25,13.137.242.174,POST,/sport_943.html,774,Germany
2024-05-23 10:26:25,7.208.229.71,POST,/sport_458.html,816,USA
2024-05-23 10:22:25,16.199.129.71,GET,/sport_890.html,231,Australia
2024-05-23 10:04:25,42.11.29.214,POST,/sport_250.html,286,Australia
2024-05-23 10:32:25,13.144.129.251,GET,/sport_450.html,561,Germany
2024-05-23 10:09:25,24.134.221.242,GET,/sport_123.html,436,Australia
2024-05-23 10:47:25,22.139.66.146,GET,/sport_965.html,424,USA
2024-05-23 10:15:25,14.29.131.33,POST,/sport_164.html,208,India
2024-05-23 10:51:25,13.165.209.111,GET,/sport_699.html,36,Germany
2024-05-23 10:45:25,13.92.222.24,POST,/sport_605.html,598,India
2024-05-23 10:24:25,14.15.78.90,POST,/sport_323.html,555,Germany
2024-05-23 10:09:25,13.76.233.56,GET,/sport_627.html,255,India
2024-05-23 10:24:25,17.198.24.63,GET,/sport_561.html,716,Australia
2024-05-23 10:29:25,13.50.186.12,GET,/sport_38.html,405,India
2024-05-23 10:33:25,42.81.198.104,GET,/sport_180.html,724,Japan
2024-05-23 10:49:25,15.182.253.191,GET,/sport_686.html,927,Australia
2024-05-23 10:25:25,51.126.184.190,POST,/sport_784.html,828,Japan
2024-05-23 10:37:25,14.177.206.16,GET,/sport_534.html,688,India
2024-05-23 10:52:25,50.93.42.166,GET,/sport_350.html,618,Australia
2024-05-23 10:01:25,29.82.58.55,GET,/sport_564.html,37,Japan
2024-05-23 10:11:25,5.7.115.70,GET,/sport_342.html,535,USA
2024-05-23 10:52:25,13.222.183.208,GET,/sport_330.html,125,Germany
2024-05-23 10:43:25,14.65.126.157,POST,/sport_194.html,60,India
2024-05-23 10:36:25,29.21.38.23,POST,/sport_900.html,805,USA
2024-05-23 10:07:25,14.122.48.127,GET,/sport_256.html,468,India
2024-05-23 10:08:25,18.136.226.153,POST,/sport_858.html,737,USA
2024-05-23 10:07:25,14.82.33.246,POST,/sport_794.html,758,Germany
2024-05-23 10:43:25,4.136.129.244,GET,/sport_516.html,967,USA
2024-05-23 10:42:25,14.30.211.31,POST,/sport_215.html,68,Germany
2024-05-23 10:11:25,13.53.109.65,POST,/sport_727.html,231,India
2024-05-23 10:50:25,45.59.94.159,POST,/sport_52.html,619,Japan
2024-05-23 10:01:25,51.228.164.233,GET,/sport_712.html,407,Australia
2024-05-23 10:36:25,18.41.179.64,GET,/sport_950.html,125,Australia
2024-05-23 10:56:25,34.21.166.211,POST,/sport_450.html,619,USA
2024-05-23 10:09:25,30.248.54.120,POST,/sport_451.html,412,Australia
2024-05-23 10:48:25,14.81.213.36,GET,/sport_900.html,727,Germany
2024-05-23 10:04:25,13.210.242.48,POST,/sport_749.html,979,Germany
2024-05-23 10:42:25,30.37.145.97,GET,/sport_140.html,650,USA
2024-05-23 10:17:25,13.13.33.36,POST,/sport_13.html,847,India
2024-05-23 10:21:25,13.142.126.254,GET,/sport_542.html,715,India
2024-05-23 10:08:25,25.161.111.94,GET,/sport_627.html,131,USA
2024-05-23 10:08:25,20.40.233.46,POST,/sport_162.html,500,Japan
2024-05-23 10:46:25,13.217.69.25,POST,/sport_599.html,676,Germany
2024-05-23 10:50:25,13.185.238.91,POST,/sport_817.html,146,India
2024-05-23 10:28:25,19.251.10.228,POST,/sport_261.html,434,Japan
2024-05-23 10:30:25,13.154.231.171,GET,/sport_585.html,935,Germany
2024-05-23 10:37:25,14.18.42.149,POST,/sport_131.html,605,Germany
2024-05-23 10:40:25,5.161.199.204,GET,/sport_615.html,92,USA
2024-05-23 10:46:25,16.37.160.201,POST,/sport_650.html,818,Australia
2024-05-23 10:51:25,13.138.22.86,GET,/sport_26.html,894,India
2024-05-23 10:40:25,30.57.74.82,POST,/sport_923.html,141,USA
2024-05-23 10:43:25,30.99.163.81,POST,/sport_10.html,842,Japan
2024-05-23 10:48:25,30.134.121.15,GET,/sport_10.html,671,Australia
2024-05-23 10:34:25,30.135.86.83,GET,/sport_851.html,658,Japan
2024-05-23 10:41:25,13.151.38.87,GET,/sport_276.html,218,India
2024-05-23 10:38:25,41.7.33.150,POST,/sport_48.html,636,Japan
2024-05-23 10:40:25,34.207.109.86,GET,/sport_885.html,746,USA
2024-05-23 10:44:25,25.238.206.187,GET,/sport_783.html,872,USA
2024-05-23 10:18:25,28.250.49.127,GET,/sport_245.html,552,USA
2024-05-23 10:48:25,13.88.56.140,POST,/sport_565.html,755,USA
2024-05-23 10:04:25,14.2.10.50,POST,/sport_515.html,803,Germany
2024-05-23 10:10:25,14.40.100.114,GET,/sport_635.html,698,Germany
2024-05-23 10:05:25,11.187.74.51,POST,/sport_759.html,728,USA
2024-05-23 10:54:25,11.162.239.255,GET,/sport_10.html,300,USA
2024-05-23 10:50:25,19.240.136.8,GET,/sport_427.html,984,USA
2024-05-23 10:02:25,14.184.16.181,GET,/sport_937.html,242,India
2024-05-23 10:31:25,13.182.215.214,GET,/sport_344.html,385,India
2024-05-23 10:23:25,52.37.133.224,GET,/sport_207.html,920,Australia
2024-05-23 10:30:25,14.24.239.173,GET,/sport_304.html,571,Germany
2024-05-23 10:20:25,13.54.40.40,GET,/sport_94.html,473,Australia
2024-05-23 10:47:25,14.135.196.228,GET,/sport_859.html,408,India
2024-05-23 10:11:25,16.147.192.53,GET,/sport_598.html,946,Japan
2024-05-23 10:30:25,12.242.245.178,GET,/sport_874.html,209,USA
2024-05-23 10:28:25,14.159.231.198,POST,/sport_380.html,823,India
2024-05-23 10:52:25,13.236.136.103,GET,/sport_808.html,836,Germany
2024-05-23 10:47:25,34.207.91.241,POST,/sport_902.html,272,Japan
2024-05-23 10:50:25,14.153.168.113,GET,/sport_66.html,717,India
2024-05-23 10:02:25,10.214.75.17,GET,/sport_786.html,150,USA
2024-05-23 10:21:25,28.44.9.60,POST,/sport_21.html,194,USA
2024-05-23 10:03:25,41.152.245.191,POST,/sport_754.html,40,Australia
2024-05-23 10:31:25,13.154.249.21,POST,/sport_112.html,146,India
2024-05-23 10:06:25,38.73.90.97,GET,/sport_369.html,935,Australia
2024-05-23 10:33:25,14.196.166.137,GET,/sport_744.html,181,India
2024-05-23 10:20:25,37.18.194.242,GET,/sport_938.html,761,Australia
2024-05-23 10:20:25,30.23.98.205,GET,/sport_679.html,932,Australia
2024-05-23 10:28:25,21.3.24.27,POST,/sport_664.html,627,Australia
2024-05-23 10:57:25,13.173.175.105,GET,/sport_174.html,122,Germany
2024-05-23 10:21:25,34.17.28.228,GET,/sport_44.html,933,Japan
2024-05-23 10:18:25,34.65.238.86,GET,/sport_753.html,156,Japan
2024-05-23 10:29:25,48.24.250.236,POST,/sport_157.html,909,Japan
2024-05-23 10:07:25,22.142.192.170,GET,/sport_930.html,773,USA
2024-05-23 10:48:25,14.50.195.124,POST,/sport_839.html,676,Germany
2024-05-23 10:07:25,16.196.221.158,POST,/sport_462.html,952,Australia
2024-05-23 10:20:25,51.65.134.29,GET,/sport_865.html,416,Japan
2024-05-23 10:47:25,17.206.65.181,GET,/sport_359.html,834,Japan
2024-05-23 10:40:25,33.140.91.141,GET,/sport_540.html,927,Japan
2024-05-23 10:54:25,32.138.136.244,POST,/sport_691.html,907,Australia
2024-05-23 10:15:25,14.137.40.100,POST,/sport_645.html,124,Germany
2024-05-23 10:20:25,13.210.94.170,GET,/sport_462.html,552,Germany
2024-05-23 10:03:25,13.93.44.105,GET,/sport_582.html,380,India
2024-05-23 10:55:25,32.138.73.8,POST,/sport_933.html,283,Australia
2024-05-23 09:58:25,32.240.38.242,GET,/sport_512.html,584,USA
2024-05-23 10:07:25,14.163.174.54,GET,/sport_574.html,777,Germany
2024-05-23 10:43:25,29.170.232.29,POST,/sport_790.html,984,Japan
2024-05-23 10:23:25,14.211.152.209,POST,/sport_492.html,399,USA
2024-05-23 10:20:25,30.195.145.42,POST,/sport_612.html,125,Australia
2024-05-23 10:30:25,33.183.179.7,POST,/sport_147.html,20,USA
2024-05-23 10:55:25,13.186.40.73,GET,/sport_445.html,930,Germany
2024-05-23 10:27:25,45.219.209.146,GET,/sport_500.html,349,Japan
2024-05-23 10:25:25,20.17.24.66,GET,/sport_579.html,350,USA
2024-05-23 10:03:25,48.243.36.72,POST,/sport_813.html,253,Australia
2024-05-23 10:09:25,14.72.217.30,GET,/sport_621.html,830,Germany
2024-05-23 10:31:25,28.53.227.221,GET,/sport_430.html,163,Japan
2024-05-23 10:38:25,13.125.168.165,GET,/sport_690.html,992,India
2024-05-23 10:21:25,14.245.7.253,POST,/sport_791.html,341,India
2024-05-23 10:44:25,20.97.21.212,GET,/sport_35.html,187,Japan
2024-05-23 10:39:25,33.120.4.133,POST,/sport_796.html,819,USA
2024-05-23 10:12:25,13.78.251.75,POST,/sport_615.html,313,Germany
2024-05-23 10:46:25,13.183.128.86,GET,/sport_722.html,615,India
2024-05-23 10:21:25,13.173.175.205,GET,/sport_671.html,884,Germany
2024-05-23 10:53:25,47.241.127.9,POST,/sport_383.html,304,Japan
2024-05-23 10:48:25,14.252.75.221,POST,/sport_852.html,680,Germany
2024-05-23 10:30:25,28.133.215.207,POST,/sport_266.html,40,USA
2024-05-23 10:36:25,24.204.159.52,GET,/sport_119.html,282,USA
2024-05-23 10:29:25,51.49.30.93,POST,/sport_271.html,690,Australia
2024-05-23 10:14:25,40.122.186.116,POST,/sport_820.html,605,Australia
2024-05-23 10:43:25,13.235.82.2,GET,/sport_315.html,24,India
2024-05-23 10:00:25,48.34.22.35,GET,/sport_243.html,321,Australia
2024-05-23 10:08:25,14.149.143.150,POST,/sport_524.html,379,Germany
2024-05-23 10:24:25,18.174.9.1,GET,/sport_106.html,32,Australia
2024-05-23 10:41:25,14.22.76.141,GET,/sport_335.html,743,India
2024-05-23 10:35:25,14.207.179.123,POST,/sport_641.html,718,Germany
2024-05-23 09:59:25,20.152.191.117,GET,/sport_531.html,773,Australia
2024-05-23 10:25:25,16.142.140.24,GET,/sport_498.html,542,USA
2024-05-23 09:59:25,52.245.247.171,GET,/sport_19.html,109,Japan
2024-05-23 10:34:25,13.134.125.110,POST,/sport_768.html,383,Germany
2024-05-23 10:55:25,14.118.150.93,POST,/sport_499.html,505,India
2024-05-23 10:27:25,39.9.8.138,GET,/sport_192.html,723,Australia
2024-05-23 10:00:25,38.34.76.29,POST,/sport_632.html,873,Japan
2024-05-23 10:50:25,43.13.29.234,POST,/sport_402.html,325,Australia
2024-05-23 10:37:25,14.25.138.207,POST,/sport_754.html,707,India
2024-05-23 10:46:25,13.221.221.30,GET,/sport_751.html,88,Germany
2024-05-23 10:33:25,14.128.46.2,GET,/sport_936.html,272,Japan
2024-05-23 10:50:25,13.120.20.64,GET,/sport_232.html,371,India
2024-05-23 10:57:25,28.161.251.115,POST,/sport_33.html,539,Japan
2024-05-23 10:47:25,18.125.227.118,POST,/sport_74.html,107,Australia
2024-05-23 10:34:25,13.136.225.222,GET,/sport_202.html,295,India
2024-05-23 10:44:25,27.19.75.174,POST,/sport_370.html,852,Japan
2024-05-23 10:25:25,13.117.162.35,GET,/sport_29.html,948,India
2024-05-23 09:59:25,13.156.92.102,GET,/sport_925.html,857,India
2024-05-23 09:59:25,13.73.92.190,GET,/sport_494.html,894,India
2024-05-23 10:19:25,21.145.190.64,GET,/sport_0.html,275,Australia
2024-05-23 10:20:25,13.245.13.249,POST,/sport_888.html,78,India
2024-05-23 10:20:25,30.195.220.213,GET,/sport_3.html,341,Australia
2024-05-23 10:13:25,14.78.73.75,POST,/sport_494.html,371,India
2024-05-23 10:07:25,13.199.18.177,POST,/sport_401.html,285,India
2024-05-23 10:55:25,4.53.75.100,POST,/sport_41.html,751,USA
2024-05-23 10:38:25,13.65.160.194,POST,/sport_233.html,406,Germany
2024-05-23 10:56:25,14.196.11.210,GET,/sport_600.html,324,India
2024-05-23 10:17:25,8.38.16.162,POST,/sport_862.html,309,USA
2024-05-23 10:23:25,13.168.165.88,POST,/sport_953.html,150,Germany
2024-05-23 10:11:25,10.152.171.57,POST,/sport_839.html,29,USA
2024-05-23 10:56:25,22.16.61.113,GET,/sport_163.html,180,Australia
2024-05-23 10:12:25,13.186.147.211,POST,/sport_778.html,128,Germany
2024-05-23 10:52:25,46.127.167.141,POST,/sport_282.html,777,Australia
2024-05-23 10:08:25,17.43.124.93,POST,/sport_357.html,200,USA
2024-05-23 10:42:25,29.43.156.158,POST,/sport_972.html,53,USA
2024-05-23 10:02:25,13.26.208.66,POST,/sport_426.html,155,India
2024-05-23 10:04:25,13.174.209.165,POST,/sport_917.html,982,Germany
2024-05-23 10:25:25,17.94.174.97,POST,/sport_502.html,543,Australia
2024-05-23 10:31:25,7.128.156.174,GET,/sport_811.html,547,USA
2024-05-23 10:15:25,13.246.203.98,POST,/sport_234.html,136,Germany
2024-05-23 10:51:25,14.29.67.103,GET,/sport_2.html,751,India
2024-05-23 10:45:25,14.231.2.210,GET,/sport_919.html,165,Germany
2024-05-23 10:00:25,14.174.76.77,GET,/sport_708.html,934,India
2024-05-23 10:09:25,14.93.222.214,POST,/sport_808.html,538,India
2024-05-23 10:35:25,40.131.241.208,POST,/sport_138.html,209,Japan
2024-05-23 10:24:25,46.157.122.164,POST,/sport_603.html,711,Australia
2024-05-23 10:41:25,16.195.112.58,GET,/sport_717.html,638,Australia
2024-05-23 10:36:25,34.218.89.231,POST,/sport_975.html,718,Australia
2024-05-23 10:56:25,32.158.98.22,GET,/sport_887.html,110,USA
2024-05-23 10:05:25,13.68.54.140,POST,/sport_159.html,859,Germany
2024-05-23 10:52:25,31.122.19.195,GET,/sport_560.html,681,Japan
2024-05-23 10:25:25,13.57.138.156,GET,/sport_679.html,508,Germany
2024-05-23 10:03:25,7.146.101.2,POST,/sport_171.html,185,USA
2024-05-23 10:06:25,39.204.199.65,GET,/sport_989.html,794,Japan
2024-05-23 10:00:25,36.56.226.92,GET,/sport_963.html,1011,Australia
2024-05-23 10:10:25,14.106.176.179,POST,/sport_38.html,270,India
2024-05-23 10:01:25,20.72.215.241,GET,/sport_533.html,473,USA
2024-05-23 10:28:25,14.83.158.231,POST,/sport_146.html,834,Germany
2024-05-23 10:14:25,14.7.82.117,GET,/sport_924.html,699,India
2024-05-23 10:52:25,14.131.158.151,POST,/sport_472.html,801,India
2024-05-23 10:16:25,13.241.204.182,POST,/sport_510.html,508,Japan
2024-05-23 10:39:25,34.98.28.51,POST,/sport_588.html,831,USA
2024-05-23 10:13:25,14.168.249.185,POST,/sport_377.html,96,Germany
2024-05-23 10:14:25,22.170.109.217,GET,/sport_769.html,794,Australia
2024-05-23 09:58:25,13.235.159.75,POST,/sport_877.html,811,India
2024-05-23 10:47:25,14.217.68.47,POST,/sport_827.html,997,India
2024-05-23 10:28:25,14.208.209.112,POST,/sport_856.html,151,India
2024-05-23 10:16:25,35.118.126.61,POST,/sport_862.html,340,Australia
2024-05-23 10:13:25,9.29.241.143,GET,/sport_604.html,843,USA
2024-05-23 10:54:25,12.84.216.234,POST,/sport_368.html,539,USA
2024-05-23 10:16:25,13.26.146.29,GET,/sport_757.html,106,Germany
2024-05-23 09:59:25,19.244.212.74,POST,/sport_378.html,189,USA
2024-05-23 10:05:25,28.155.233.223,GET,/sport_383.html,109,Australia
2024-05-23 10:05:25,18.104.65.9,GET,/sport_761.html,213,Australia
2024-05-23 10:23:25,14.196.23.52,POST,/sport_801.html,339,Germany
2024-05-23 10:07:25,17.57.166.83,POST,/sport_490.html,422,USA
2024-05-23 10:37:25,26.155.30.226,POST,/sport_955.html,414,Japan
2024-05-23 10:24:25,13.240.18.85,POST,/sport_794.html,835,Germany
2024-05-23 10:02:25,21.27.222.197,POST,/sport_995.html,535,Japan
2024-05-23 10:49:25,8.126.249.139,GET,/sport_912.html,362,USA
2024-05-23 10:29:25,14.9.70.88,POST,/sport_581.html,907,Germany
2024-05-23 10:41:25,21.228.71.115,POST,/sport_888.html,1000,Japan
2024-05-23 10:22:25,49.88.211.251,POST,/sport_721.html,578,Japan
2024-05-23 10:50:25,13.64.45.239,POST,/sport_607.html,682,Germany
2024-05-23 10:35:25,13.77.239.44,POST,/sport_485.html,315,Germany
2024-05-23 10:49:25,36.185.72.168,POST,/sport_434.html,414,Japan
2024-05-23 10:56:25,26.29.238.124,POST,/sport_319.html,380,USA
2024-05-23 10:51:25,13.43.102.145,GET,/sport_113.html,249,India
2024-05-23 10:13:25,38.114.114.7,POST,/sport_897.html,40,Australia
2024-05-23 10:40:25,13.5.12.130,GET,/sport_324.html,212,Germany
2024-05-23 10:16:25,18.13.59.153,GET,/sport_815.html,911,Japan
2024-05-23 10:53:25,34.69.22.182,GET,/sport_589.html,866,USA
2024-05-23 10:20:25,38.86.180.91,POST,/sport_983.html,203,Japan
2024-05-23 10:50:25,14.210.250.208,GET,/sport_247.html,760,India
2024-05-23 10:34:25,5.191.84.202,POST,/sport_144.html,88,USA
2024-05-23 10:08:25,14.7.236.189,POST,/sport_64.html,167,India
2024-05-23 09:59:25,38.96.115.36,GET,/sport_788.html,758,Australia
2024-05-23 10:43:25,17.181.221.212,POST,/sport_420.html,602,USA
2024-05-23 10:15:25,16.97.75.57,GET,/sport_455.html,854,USA
2024-05-23 10:27:25,13.144.249.139,POST,/sport_35.html,844,India
2024-05-23 10:20:25,22.87.138.61,GET,/sport_403.html,203,USA
2024-05-23 10:21:25,43.242.85.132,POST,/sport_970.html,933,Australia
2024-05-23 10:03:25,50.75.11.175,GET,/sport_347.html,330,Australia
2024-05-23 09:58:25,41.98.207.225,POST,/sport_662.html,790,Japan
2024-05-23 10:16:25,14.80.154.168,POST,/sport_30.html,477,India
2024-05-23 10:48:25,37.161.148.80,POST,/sport_47.html,21,Japan
2024-05-23 10:51:25,21.154.51.183,GET,/sport_764.html,452,Japan
2024-05-23 10:18:25,21.101.104.215,POST,/sport_515.html,60,USA
2024-05-23 10:23:25,9.255.155.74,POST,/sport_801.html,709,USA
2024-05-23 10:37:25,13.95.73.167,GET,/sport_903.html,270,Germany
2024-05-23 10:36:25,13.28.40.185,GET,/sport_452.html,945,Germany
2024-05-23 10:55:25,18.145.162.83,GET,/sport_456.html,72,USA
2024-05-23 10:32:25,21.239.162.32,POST,/sport_330.html,336,Japan
2024-05-23 10:46:25,13.209.37.244,GET,/sport_758.html,522,India
2024-05-23 10:49:25,23.146.137.85,GET,/sport_328.html,334,Japan
2024-05-23 10:07:25,4.34.162.81,POST,/sport_491.html,705,USA
2024-05-23 10:11:25,13.186.91.150,GET,/sport_657.html,922,India
2024-05-23 09:59:25,14.36.246.117,POST,/sport_478.html,768,Australia
2024-05-23 10:13:25,43.106.137.173,POST,/sport_392.html,929,Japan
2024-05-23 10:19:25,13.141.221.88,GET,/sport_346.html,192,India
2024-05-23 10:06:25,40.68.8.181,POST,/sport_897.html,1007,Japan
2024-05-23 10:06:25,14.204.96.2,GET,/sport_487.html,826,USA
2024-05-23 10:19:25,13.127.169.249,POST,/sport_79.html,73,India
2024-05-23 10:20:25,13.86.93.154,GET,/sport_590.html,1003,India
2024-05-23 10:10:25,13.100.117.97,GET,/sport_558.html,991,India
2024-05-23 10:09:25,24.51.173.218,GET,/sport_555.html,785,USA
2024-05-23 10:36:25,14.163.247.208,POST,/sport_326.html,640,India
2024-05-23 10:51:25,12.74.130.222,POST,/sport_878.html,923,USA
2024-05-23 10:53:25,42.8.145.141,POST,/sport_565.html,527,Japan
2024-05-23 10:29:25,30.168.188.48,GET,/sport_578.html,38,USA
2024-05-23 10:05:25,50.90.210.45,POST,/sport_917.html,119,Japan
2024-05-23 10:01:25,39.4.41.74,GET,/sport_847.html,961,Australia
2024-05-23 10:35:25,13.199.253.164,GET,/sport_92.html,309,Germany
2024-05-23 10:28:25,13.210.234.104,POST,/sport_687.html,357,India
2024-05-23 10:36:25,3.34.218.78,GET,/sport_567.html,353,USA
2024-05-23 10:06:25,40.67.186.113,GET,/sport_224.html,252,Japan
2024-05-23 10:55:25,14.222.59.58,GET,/sport_153.html,162,Germany
2024-05-23 10:47:25,20.217.18.138,POST,/sport_289.html,115,USA
2024-05-23 10:15:25,13.208.88.159,GET,/sport_714.html,641,Japan
2024-05-23 10:51:25,13.179.209.45,POST,/sport_221.html,83,Germany
2024-05-23 10:07:25,14.128.36.201,POST,/sport_487.html,220,Germany
2024-05-23 10:44:25,19.0.250.138,POST,/sport_875.html,157,USA
2024-05-23 10:06:25,43.39.144.180,GET,/sport_149.html,741,Japan
2024-05-23 10:18:25,14.93.4.239,GET,/sport_221.html,419,India
2024-05-23 10:55:25,18.89.82.13,POST,/sport_502.html,605,USA
2024-05-23 10:29:25,29.59.15.239,GET,/sport_896.html,87,USA
2024-05-23 10:39:25,23.182.124.74,GET,/sport_599.html,833,Australia
2024-05-23 10:52:25,45.32.133.47,POST,/sport_571.html,933,Australia
2024-05-23 10:52:25,34.89.126.109,GET,/sport_243.html,21,Japan
2024-05-23 09:59:25,13.220.145.0,POST,/sport_691.html,205,Australia
2024-05-23 10:36:25,14.8.68.248,GET,/sport_918.html,193,Japan
2024-05-23 10:41:25,43.43.93.214,GET,/sport_541.html,472,Australia
2024-05-23 10:44:25,13.198.183.104,GET,/sport_380.html,994,USA
2024-05-23 10:45:25,26.220.172.1,POST,/sport_873.html,468,Australia
2024-05-23 10:26:25,40.47.190.51,POST,/sport_83.html,452,Australia
2024-05-23 10:54:25,30.131.103.40,POST,/sport_803.html,212,USA
2024-05-23 10:18:25,13.141.82.188,POST,/sport_526.html,584,Germany
2024-05-23 10:36:25,14.44.117.97,POST,/sport_176.html,718,Germany
2024-05-23 10:31:25,13.17.30.95,GET,/sport_928.html,182,India
2024-05-23 10:10:25,14.80.213.54,POST,/sport_157.html,588,Germany
2024-05-23 10:56:25,14.132.13.194,GET,/sport_45.html,951,Germany
2024-05-23 10:39:25,13.50.15.77,POST,/sport_523.html,530,Germany
2024-05-23 10:37:25,49.102.120.147,POST,/sport_312.html,776,Japan
2024-05-23 10:46:25,20.84.163.19,GET,/sport_690.html,395,USA
2024-05-23 10:22:25,13.115.30.93,POST,/sport_842.html,428,Germany
2024-05-23 10:10:25,18.8.182.11,POST,/sport_857.html,958,USA
2024-05-23 10:24:25,31.181.94.56,GET,/sport_647.html,764,Australia
2024-05-23 10:06:25,14.30.145.59,GET,/sport_24.html,735,Germany
2024-05-23 10:28:25,9.33.216.239,POST,/sport_75.html,201,USA
2024-05-23 10:17:25,13.192.238.124,GET,/sport_457.html,609,India
2024-05-23 10:51:25,45.147.212.141,GET,/sport_651.html,158,Japan
2024-05-23 10:29:25,44.105.232.167,GET,/sport_615.html,421,Australia
2024-05-23 10:02:25,29.243.224.242,POST,/sport_257.html,924,Australia
2024-05-23 10:05:25,21.215.244.249,POST,/sport_665.html,20,Japan
2024-05-23 10:19:25,39.242.81.45,POST,/sport_501.html,348,Japan
2024-05-23 09:59:25,19.127.198.100,POST,/sport_295.html,423,Australia
2024-05-23 10:31:25,48.207.187.1,GET,/sport_888.html,752,Australia
2024-05-23 10:21:25,46.127.95.130,GET,/sport_645.html,392,Japan
2024-05-23 10:31:25,13.30.52.189,GET,/sport_344.html,744,Germany
2024-05-23 10:26:25,30.48.206.151,GET,/sport_584.html,261,USA
2024-05-23 10:54:25,18.81.141.58,GET,/sport_259.html,691,Australia
2024-05-23 10:10:25,28.42.27.88,GET,/sport_278.html,847,Japan
2024-05-23 10:06:25,48.160.16.193,POST,/sport_511.html,383,Japan
2024-05-23 10:21:25,6.170.53.162,POST,/sport_848.html,294,USA
2024-05-23 10:41:25,6.250.117.79,POST,/sport_12.html,779,USA
2024-05-23 10:32:25,13.171.191.223,POST,/sport_543.html,713,Germany
2024-05-23 10:36:25,33.131.142.33,GET,/sport_746.html,391,Australia
2024-05-23 10:48:25,13.190.234.19,GET,/sport_373.html,490,India
2024-05-23 10:48:25,13.105.145.115,POST,/sport_738.html,973,India
2024-05-23 10:26:25,3.90.231.173,GET,/sport_208.html,722,USA
2024-05-23 10:21:25,14.20.100.144,GET,/sport_273.html,937,India
2024-05-23 10:57:25,14.245.30.166,GET,/sport_385.html,156,India
2024-05-23 10:37:25,31.139.243.246,GET,/sport_432.html,769,Japan
2024-05-23 10:31:25,14.97.215.79,POST,/sport_156.html,565,India
2024-05-23 10:28:25,13.244.59.144,GET,/sport_611.html,511,India
2024-05-23 10:04:25,27.248.168.31,POST,/sport_951.html,873,USA
2024-05-23 10:54:25,24.69.101.113,GET,/sport_305.html,892,Japan
2024-05-23 10:26:25,14.174.248.186,GET,/sport_330.html,962,India
2024-05-23 10:24:25,20.248.115.112,GET,/sport_619.html,432,Australia
2024-05-23 10:12:25,40.17.225.248,GET,/sport_306.html,163,Japan
2024-05-23 10:27:25,14.142.144.238,POST,/sport_628.html,249,Germany
2024-05-23 10:29:25,21.52.17.160,GET,/sport_481.html,691,Australia
2024-05-23 10:08:25,42.101.106.141,GET,/sport_706.html,702,Australia
2024-05-23 10:13:25,10.21.231.74,GET,/sport_510.html,792,USA
2024-05-23 10:12:25,13.95.248.134,POST,/sport_750.html,749,Germany
2024-05-23 10:37:25,14.19.140.69,POST,/sport_76.html,194,Germany
2024-05-23 10:20:25,14.85.26.114,GET,/sport_236.html,439,Germany
2024-05-23 10:21:25,14.39.145.185,GET,/sport_86.html,557,Germany
2024-05-23 10:47:25,14.48.123.26,POST,/sport_533.html,295,Germany
2024-05-23 10:10:25,13.244.196.134,GET,/sport_584.html,707,India
